Date;Year;Month_Number;Month_Name;Month_Name_FR;Quarter_Number;Quarter_Label;PI_Planning;Week_Number;Day_Number;Day_Name;Day_Name_FR;Day_Of_Week;Is_Weekend;Is_Weekday;Semester;Year_Month;Year_Week
01/06/2025;2025;6;June;Juin;2;Q2 2025;2025 - Q2 - DPF - PI Planning;22;1;Sunday;Dimanche;7;YES;NO;S1;2025-06;2025-W22
02/06/2025;2025;6;June;Juin;2;Q2 2025;2025 - Q2 - DPF - PI Planning;23;2;Monday;Lundi;1;NO;YES;S1;2025-06;2025-W23
03/06/2025;2025;6;June;Juin;2;Q2 2025;2025 - Q2 - DPF - PI Planning;23;3;Tuesday;Mardi;2;NO;YES;S1;2025-06;2025-W23
04/06/2025;2025;6;June;Juin;2;Q2 2025;2025 - Q2 - DPF - PI Planning;23;4;Wednesday;Mercredi;3;NO;YES;S1;2025-06;2025-W23
05/06/2025;2025;6;June;Juin;2;Q2 2025;2025 - Q2 - DPF - PI Planning;23;5;Thursday;Jeudi;4;NO;YES;S1;2025-06;2025-W23
06/06/2025;2025;6;June;Juin;2;Q2 2025;2025 - Q2 - DPF - PI Planning;23;6;Friday;Vendredi;5;NO;YES;S1;2025-06;2025-W23
07/06/2025;2025;6;June;Juin;2;Q2 2025;2025 - Q2 - DPF - PI Planning;23;7;Saturday;Samedi;6;YES;NO;S1;2025-06;2025-W23
08/06/2025;2025;6;June;Juin;2;Q2 2025;2025 - Q2 - DPF - PI Planning;23;8;Sunday;Dimanche;7;YES;NO;S1;2025-06;2025-W23
09/06/2025;2025;6;June;Juin;2;Q2 2025;2025 - Q2 - DPF - PI Planning;24;9;Monday;Lundi;1;NO;YES;S1;2025-06;2025-W24
10/06/2025;2025;6;June;Juin;2;Q2 2025;2025 - Q2 - DPF - PI Planning;24;10;Tuesday;Mardi;2;NO;YES;S1;2025-06;2025-W24
11/06/2025;2025;6;June;Juin;2;Q2 2025;2025 - Q2 - DPF - PI Planning;24;11;Wednesday;Mercredi;3;NO;YES;S1;2025-06;2025-W24
12/06/2025;2025;6;June;Juin;2;Q2 2025;2025 - Q2 - DPF - PI Planning;24;12;Thursday;Jeudi;4;NO;YES;S1;2025-06;2025-W24
13/06/2025;2025;6;June;Juin;2;Q2 2025;2025 - Q2 - DPF - PI Planning;24;13;Friday;Vendredi;5;NO;YES;S1;2025-06;2025-W24
14/06/2025;2025;6;June;Juin;2;Q2 2025;2025 - Q2 - DPF - PI Planning;24;14;Saturday;Samedi;6;YES;NO;S1;2025-06;2025-W24
15/06/2025;2025;6;June;Juin;2;Q2 2025;2025 - Q2 - DPF - PI Planning;24;15;Sunday;Dimanche;7;YES;NO;S1;2025-06;2025-W24
16/06/2025;2025;6;June;Juin;2;Q2 2025;2025 - Q2 - DPF - PI Planning;25;16;Monday;Lundi;1;NO;YES;S1;2025-06;2025-W25
17/06/2025;2025;6;June;Juin;2;Q2 2025;2025 - Q2 - DPF - PI Planning;25;17;Tuesday;Mardi;2;NO;YES;S1;2025-06;2025-W25
18/06/2025;2025;6;June;Juin;2;Q2 2025;2025 - Q2 - DPF - PI Planning;25;18;Wednesday;Mercredi;3;NO;YES;S1;2025-06;2025-W25
19/06/2025;2025;6;June;Juin;2;Q2 2025;2025 - Q2 - DPF - PI Planning;25;19;Thursday;Jeudi;4;NO;YES;S1;2025-06;2025-W25
20/06/2025;2025;6;June;Juin;2;Q2 2025;2025 - Q2 - DPF - PI Planning;25;20;Friday;Vendredi;5;NO;YES;S1;2025-06;2025-W25
21/06/2025;2025;6;June;Juin;2;Q2 2025;2025 - Q2 - DPF - PI Planning;25;21;Saturday;Samedi;6;YES;NO;S1;2025-06;2025-W25
22/06/2025;2025;6;June;Juin;2;Q2 2025;2025 - Q2 - DPF - PI Planning;25;22;Sunday;Dimanche;7;YES;NO;S1;2025-06;2025-W25
23/06/2025;2025;6;June;Juin;2;Q2 2025;2025 - Q2 - DPF - PI Planning;26;23;Monday;Lundi;1;NO;YES;S1;2025-06;2025-W26
24/06/2025;2025;6;June;Juin;2;Q2 2025;2025 - Q2 - DPF - PI Planning;26;24;Tuesday;Mardi;2;NO;YES;S1;2025-06;2025-W26
25/06/2025;2025;6;June;Juin;2;Q2 2025;2025 - Q2 - DPF - PI Planning;26;25;Wednesday;Mercredi;3;NO;YES;S1;2025-06;2025-W26
26/06/2025;2025;6;June;Juin;2;Q2 2025;2025 - Q2 - DPF - PI Planning;26;26;Thursday;Jeudi;4;NO;YES;S1;2025-06;2025-W26
27/06/2025;2025;6;June;Juin;2;Q2 2025;2025 - Q2 - DPF - PI Planning;26;27;Friday;Vendredi;5;NO;YES;S1;2025-06;2025-W26
28/06/2025;2025;6;June;Juin;2;Q2 2025;2025 - Q2 - DPF - PI Planning;26;28;Saturday;Samedi;6;YES;NO;S1;2025-06;2025-W26
29/06/2025;2025;6;June;Juin;2;Q2 2025;2025 - Q2 - DPF - PI Planning;26;29;Sunday;Dimanche;7;YES;NO;S1;2025-06;2025-W26
30/06/2025;2025;6;June;Juin;2;Q2 2025;2025 - Q2 - DPF - PI Planning;27;30;Monday;Lundi;1;NO;YES;S1;2025-06;2025-W27
01/07/2025;2025;7;July;Juillet;3;Q3 2025;2025 - Q3 - DPF - PI Planning;27;1;Tuesday;Mardi;2;NO;YES;S2;2025-07;2025-W27
02/07/2025;2025;7;July;Juillet;3;Q3 2025;2025 - Q3 - DPF - PI Planning;27;2;Wednesday;Mercredi;3;NO;YES;S2;2025-07;2025-W27
03/07/2025;2025;7;July;Juillet;3;Q3 2025;2025 - Q3 - DPF - PI Planning;27;3;Thursday;Jeudi;4;NO;YES;S2;2025-07;2025-W27
04/07/2025;2025;7;July;Juillet;3;Q3 2025;2025 - Q3 - DPF - PI Planning;27;4;Friday;Vendredi;5;NO;YES;S2;2025-07;2025-W27
05/07/2025;2025;7;July;Juillet;3;Q3 2025;2025 - Q3 - DPF - PI Planning;27;5;Saturday;Samedi;6;YES;NO;S2;2025-07;2025-W27
06/07/2025;2025;7;July;Juillet;3;Q3 2025;2025 - Q3 - DPF - PI Planning;27;6;Sunday;Dimanche;7;YES;NO;S2;2025-07;2025-W27
07/07/2025;2025;7;July;Juillet;3;Q3 2025;2025 - Q3 - DPF - PI Planning;28;7;Monday;Lundi;1;NO;YES;S2;2025-07;2025-W28
08/07/2025;2025;7;July;Juillet;3;Q3 2025;2025 - Q3 - DPF - PI Planning;28;8;Tuesday;Mardi;2;NO;YES;S2;2025-07;2025-W28
09/07/2025;2025;7;July;Juillet;3;Q3 2025;2025 - Q3 - DPF - PI Planning;28;9;Wednesday;Mercredi;3;NO;YES;S2;2025-07;2025-W28
10/07/2025;2025;7;July;Juillet;3;Q3 2025;2025 - Q3 - DPF - PI Planning;28;10;Thursday;Jeudi;4;NO;YES;S2;2025-07;2025-W28
11/07/2025;2025;7;July;Juillet;3;Q3 2025;2025 - Q3 - DPF - PI Planning;28;11;Friday;Vendredi;5;NO;YES;S2;2025-07;2025-W28
12/07/2025;2025;7;July;Juillet;3;Q3 2025;2025 - Q3 - DPF - PI Planning;28;12;Saturday;Samedi;6;YES;NO;S2;2025-07;2025-W28
13/07/2025;2025;7;July;Juillet;3;Q3 2025;2025 - Q3 - DPF - PI Planning;28;13;Sunday;Dimanche;7;YES;NO;S2;2025-07;2025-W28
14/07/2025;2025;7;July;Juillet;3;Q3 2025;2025 - Q3 - DPF - PI Planning;29;14;Monday;Lundi;1;NO;YES;S2;2025-07;2025-W29
15/07/2025;2025;7;July;Juillet;3;Q3 2025;2025 - Q3 - DPF - PI Planning;29;15;Tuesday;Mardi;2;NO;YES;S2;2025-07;2025-W29
16/07/2025;2025;7;July;Juillet;3;Q3 2025;2025 - Q3 - DPF - PI Planning;29;16;Wednesday;Mercredi;3;NO;YES;S2;2025-07;2025-W29
17/07/2025;2025;7;July;Juillet;3;Q3 2025;2025 - Q3 - DPF - PI Planning;29;17;Thursday;Jeudi;4;NO;YES;S2;2025-07;2025-W29
18/07/2025;2025;7;July;Juillet;3;Q3 2025;2025 - Q3 - DPF - PI Planning;29;18;Friday;Vendredi;5;NO;YES;S2;2025-07;2025-W29
19/07/2025;2025;7;July;Juillet;3;Q3 2025;2025 - Q3 - DPF - PI Planning;29;19;Saturday;Samedi;6;YES;NO;S2;2025-07;2025-W29
20/07/2025;2025;7;July;Juillet;3;Q3 2025;2025 - Q3 - DPF - PI Planning;29;20;Sunday;Dimanche;7;YES;NO;S2;2025-07;2025-W29
21/07/2025;2025;7;July;Juillet;3;Q3 2025;2025 - Q3 - DPF - PI Planning;30;21;Monday;Lundi;1;NO;YES;S2;2025-07;2025-W30
22/07/2025;2025;7;July;Juillet;3;Q3 2025;2025 - Q3 - DPF - PI Planning;30;22;Tuesday;Mardi;2;NO;YES;S2;2025-07;2025-W30
23/07/2025;2025;7;July;Juillet;3;Q3 2025;2025 - Q3 - DPF - PI Planning;30;23;Wednesday;Mercredi;3;NO;YES;S2;2025-07;2025-W30
24/07/2025;2025;7;July;Juillet;3;Q3 2025;2025 - Q3 - DPF - PI Planning;30;24;Thursday;Jeudi;4;NO;YES;S2;2025-07;2025-W30
25/07/2025;2025;7;July;Juillet;3;Q3 2025;2025 - Q3 - DPF - PI Planning;30;25;Friday;Vendredi;5;NO;YES;S2;2025-07;2025-W30
26/07/2025;2025;7;July;Juillet;3;Q3 2025;2025 - Q3 - DPF - PI Planning;30;26;Saturday;Samedi;6;YES;NO;S2;2025-07;2025-W30
27/07/2025;2025;7;July;Juillet;3;Q3 2025;2025 - Q3 - DPF - PI Planning;30;27;Sunday;Dimanche;7;YES;NO;S2;2025-07;2025-W30
28/07/2025;2025;7;July;Juillet;3;Q3 2025;2025 - Q3 - DPF - PI Planning;31;28;Monday;Lundi;1;NO;YES;S2;2025-07;2025-W31
29/07/2025;2025;7;July;Juillet;3;Q3 2025;2025 - Q3 - DPF - PI Planning;31;29;Tuesday;Mardi;2;NO;YES;S2;2025-07;2025-W31
30/07/2025;2025;7;July;Juillet;3;Q3 2025;2025 - Q3 - DPF - PI Planning;31;30;Wednesday;Mercredi;3;NO;YES;S2;2025-07;2025-W31
31/07/2025;2025;7;July;Juillet;3;Q3 2025;2025 - Q3 - DPF - PI Planning;31;31;Thursday;Jeudi;4;NO;YES;S2;2025-07;2025-W31
01/08/2025;2025;8;August;Août;3;Q3 2025;2025 - Q3 - DPF - PI Planning;31;1;Friday;Vendredi;5;NO;YES;S2;2025-08;2025-W31
02/08/2025;2025;8;August;Août;3;Q3 2025;2025 - Q3 - DPF - PI Planning;31;2;Saturday;Samedi;6;YES;NO;S2;2025-08;2025-W31
03/08/2025;2025;8;August;Août;3;Q3 2025;2025 - Q3 - DPF - PI Planning;31;3;Sunday;Dimanche;7;YES;NO;S2;2025-08;2025-W31
04/08/2025;2025;8;August;Août;3;Q3 2025;2025 - Q3 - DPF - PI Planning;32;4;Monday;Lundi;1;NO;YES;S2;2025-08;2025-W32
05/08/2025;2025;8;August;Août;3;Q3 2025;2025 - Q3 - DPF - PI Planning;32;5;Tuesday;Mardi;2;NO;YES;S2;2025-08;2025-W32
06/08/2025;2025;8;August;Août;3;Q3 2025;2025 - Q3 - DPF - PI Planning;32;6;Wednesday;Mercredi;3;NO;YES;S2;2025-08;2025-W32
07/08/2025;2025;8;August;Août;3;Q3 2025;2025 - Q3 - DPF - PI Planning;32;7;Thursday;Jeudi;4;NO;YES;S2;2025-08;2025-W32
08/08/2025;2025;8;August;Août;3;Q3 2025;2025 - Q3 - DPF - PI Planning;32;8;Friday;Vendredi;5;NO;YES;S2;2025-08;2025-W32
09/08/2025;2025;8;August;Août;3;Q3 2025;2025 - Q3 - DPF - PI Planning;32;9;Saturday;Samedi;6;YES;NO;S2;2025-08;2025-W32
10/08/2025;2025;8;August;Août;3;Q3 2025;2025 - Q3 - DPF - PI Planning;32;10;Sunday;Dimanche;7;YES;NO;S2;2025-08;2025-W32
11/08/2025;2025;8;August;Août;3;Q3 2025;2025 - Q3 - DPF - PI Planning;33;11;Monday;Lundi;1;NO;YES;S2;2025-08;2025-W33
12/08/2025;2025;8;August;Août;3;Q3 2025;2025 - Q3 - DPF - PI Planning;33;12;Tuesday;Mardi;2;NO;YES;S2;2025-08;2025-W33
13/08/2025;2025;8;August;Août;3;Q3 2025;2025 - Q3 - DPF - PI Planning;33;13;Wednesday;Mercredi;3;NO;YES;S2;2025-08;2025-W33
14/08/2025;2025;8;August;Août;3;Q3 2025;2025 - Q3 - DPF - PI Planning;33;14;Thursday;Jeudi;4;NO;YES;S2;2025-08;2025-W33
15/08/2025;2025;8;August;Août;3;Q3 2025;2025 - Q3 - DPF - PI Planning;33;15;Friday;Vendredi;5;NO;YES;S2;2025-08;2025-W33
16/08/2025;2025;8;August;Août;3;Q3 2025;2025 - Q3 - DPF - PI Planning;33;16;Saturday;Samedi;6;YES;NO;S2;2025-08;2025-W33
17/08/2025;2025;8;August;Août;3;Q3 2025;2025 - Q3 - DPF - PI Planning;33;17;Sunday;Dimanche;7;YES;NO;S2;2025-08;2025-W33
18/08/2025;2025;8;August;Août;3;Q3 2025;2025 - Q3 - DPF - PI Planning;34;18;Monday;Lundi;1;NO;YES;S2;2025-08;2025-W34
19/08/2025;2025;8;August;Août;3;Q3 2025;2025 - Q3 - DPF - PI Planning;34;19;Tuesday;Mardi;2;NO;YES;S2;2025-08;2025-W34
20/08/2025;2025;8;August;Août;3;Q3 2025;2025 - Q3 - DPF - PI Planning;34;20;Wednesday;Mercredi;3;NO;YES;S2;2025-08;2025-W34
21/08/2025;2025;8;August;Août;3;Q3 2025;2025 - Q3 - DPF - PI Planning;34;21;Thursday;Jeudi;4;NO;YES;S2;2025-08;2025-W34
22/08/2025;2025;8;August;Août;3;Q3 2025;2025 - Q3 - DPF - PI Planning;34;22;Friday;Vendredi;5;NO;YES;S2;2025-08;2025-W34
23/08/2025;2025;8;August;Août;3;Q3 2025;2025 - Q3 - DPF - PI Planning;34;23;Saturday;Samedi;6;YES;NO;S2;2025-08;2025-W34
24/08/2025;2025;8;August;Août;3;Q3 2025;2025 - Q3 - DPF - PI Planning;34;24;Sunday;Dimanche;7;YES;NO;S2;2025-08;2025-W34
25/08/2025;2025;8;August;Août;3;Q3 2025;2025 - Q3 - DPF - PI Planning;35;25;Monday;Lundi;1;NO;YES;S2;2025-08;2025-W35
26/08/2025;2025;8;August;Août;3;Q3 2025;2025 - Q3 - DPF - PI Planning;35;26;Tuesday;Mardi;2;NO;YES;S2;2025-08;2025-W35
27/08/2025;2025;8;August;Août;3;Q3 2025;2025 - Q3 - DPF - PI Planning;35;27;Wednesday;Mercredi;3;NO;YES;S2;2025-08;2025-W35
28/08/2025;2025;8;August;Août;3;Q3 2025;2025 - Q3 - DPF - PI Planning;35;28;Thursday;Jeudi;4;NO;YES;S2;2025-08;2025-W35
29/08/2025;2025;8;August;Août;3;Q3 2025;2025 - Q3 - DPF - PI Planning;35;29;Friday;Vendredi;5;NO;YES;S2;2025-08;2025-W35
30/08/2025;2025;8;August;Août;3;Q3 2025;2025 - Q3 - DPF - PI Planning;35;30;Saturday;Samedi;6;YES;NO;S2;2025-08;2025-W35
31/08/2025;2025;8;August;Août;3;Q3 2025;2025 - Q3 - DPF - PI Planning;35;31;Sunday;Dimanche;7;YES;NO;S2;2025-08;2025-W35
01/09/2025;2025;9;September;Septembre;3;Q3 2025;2025 - Q3 - DPF - PI Planning;36;1;Monday;Lundi;1;NO;YES;S2;2025-09;2025-W36
02/09/2025;2025;9;September;Septembre;3;Q3 2025;2025 - Q3 - DPF - PI Planning;36;2;Tuesday;Mardi;2;NO;YES;S2;2025-09;2025-W36
03/09/2025;2025;9;September;Septembre;3;Q3 2025;2025 - Q3 - DPF - PI Planning;36;3;Wednesday;Mercredi;3;NO;YES;S2;2025-09;2025-W36
04/09/2025;2025;9;September;Septembre;3;Q3 2025;2025 - Q3 - DPF - PI Planning;36;4;Thursday;Jeudi;4;NO;YES;S2;2025-09;2025-W36
05/09/2025;2025;9;September;Septembre;3;Q3 2025;2025 - Q3 - DPF - PI Planning;36;5;Friday;Vendredi;5;NO;YES;S2;2025-09;2025-W36
06/09/2025;2025;9;September;Septembre;3;Q3 2025;2025 - Q3 - DPF - PI Planning;36;6;Saturday;Samedi;6;YES;NO;S2;2025-09;2025-W36
07/09/2025;2025;9;September;Septembre;3;Q3 2025;2025 - Q3 - DPF - PI Planning;36;7;Sunday;Dimanche;7;YES;NO;S2;2025-09;2025-W36
08/09/2025;2025;9;September;Septembre;3;Q3 2025;2025 - Q3 - DPF - PI Planning;37;8;Monday;Lundi;1;NO;YES;S2;2025-09;2025-W37
09/09/2025;2025;9;September;Septembre;3;Q3 2025;2025 - Q3 - DPF - PI Planning;37;9;Tuesday;Mardi;2;NO;YES;S2;2025-09;2025-W37
10/09/2025;2025;9;September;Septembre;3;Q3 2025;2025 - Q3 - DPF - PI Planning;37;10;Wednesday;Mercredi;3;NO;YES;S2;2025-09;2025-W37
11/09/2025;2025;9;September;Septembre;3;Q3 2025;2025 - Q3 - DPF - PI Planning;37;11;Thursday;Jeudi;4;NO;YES;S2;2025-09;2025-W37
12/09/2025;2025;9;September;Septembre;3;Q3 2025;2025 - Q3 - DPF - PI Planning;37;12;Friday;Vendredi;5;NO;YES;S2;2025-09;2025-W37
13/09/2025;2025;9;September;Septembre;3;Q3 2025;2025 - Q3 - DPF - PI Planning;37;13;Saturday;Samedi;6;YES;NO;S2;2025-09;2025-W37
14/09/2025;2025;9;September;Septembre;3;Q3 2025;2025 - Q3 - DPF - PI Planning;37;14;Sunday;Dimanche;7;YES;NO;S2;2025-09;2025-W37
15/09/2025;2025;9;September;Septembre;3;Q3 2025;2025 - Q3 - DPF - PI Planning;38;15;Monday;Lundi;1;NO;YES;S2;2025-09;2025-W38
16/09/2025;2025;9;September;Septembre;3;Q3 2025;2025 - Q3 - DPF - PI Planning;38;16;Tuesday;Mardi;2;NO;YES;S2;2025-09;2025-W38
17/09/2025;2025;9;September;Septembre;3;Q3 2025;2025 - Q3 - DPF - PI Planning;38;17;Wednesday;Mercredi;3;NO;YES;S2;2025-09;2025-W38
18/09/2025;2025;9;September;Septembre;3;Q3 2025;2025 - Q3 - DPF - PI Planning;38;18;Thursday;Jeudi;4;NO;YES;S2;2025-09;2025-W38
19/09/2025;2025;9;September;Septembre;3;Q3 2025;2025 - Q3 - DPF - PI Planning;38;19;Friday;Vendredi;5;NO;YES;S2;2025-09;2025-W38
20/09/2025;2025;9;September;Septembre;3;Q3 2025;2025 - Q3 - DPF - PI Planning;38;20;Saturday;Samedi;6;YES;NO;S2;2025-09;2025-W38
21/09/2025;2025;9;September;Septembre;3;Q3 2025;2025 - Q3 - DPF - PI Planning;38;21;Sunday;Dimanche;7;YES;NO;S2;2025-09;2025-W38
22/09/2025;2025;9;September;Septembre;3;Q3 2025;2025 - Q3 - DPF - PI Planning;39;22;Monday;Lundi;1;NO;YES;S2;2025-09;2025-W39
23/09/2025;2025;9;September;Septembre;3;Q3 2025;2025 - Q3 - DPF - PI Planning;39;23;Tuesday;Mardi;2;NO;YES;S2;2025-09;2025-W39
24/09/2025;2025;9;September;Septembre;3;Q3 2025;2025 - Q3 - DPF - PI Planning;39;24;Wednesday;Mercredi;3;NO;YES;S2;2025-09;2025-W39
25/09/2025;2025;9;September;Septembre;3;Q3 2025;2025 - Q3 - DPF - PI Planning;39;25;Thursday;Jeudi;4;NO;YES;S2;2025-09;2025-W39
26/09/2025;2025;9;September;Septembre;3;Q3 2025;2025 - Q3 - DPF - PI Planning;39;26;Friday;Vendredi;5;NO;YES;S2;2025-09;2025-W39
27/09/2025;2025;9;September;Septembre;3;Q3 2025;2025 - Q3 - DPF - PI Planning;39;27;Saturday;Samedi;6;YES;NO;S2;2025-09;2025-W39
28/09/2025;2025;9;September;Septembre;3;Q3 2025;2025 - Q3 - DPF - PI Planning;39;28;Sunday;Dimanche;7;YES;NO;S2;2025-09;2025-W39
29/09/2025;2025;9;September;Septembre;3;Q3 2025;2025 - Q3 - DPF - PI Planning;40;29;Monday;Lundi;1;NO;YES;S2;2025-09;2025-W40
30/09/2025;2025;9;September;Septembre;3;Q3 2025;2025 - Q3 - DPF - PI Planning;40;30;Tuesday;Mardi;2;NO;YES;S2;2025-09;2025-W40
01/10/2025;2025;10;October;Octobre;4;Q4 2025;2025 - Q4 - DPF - PI Planning;40;1;Wednesday;Mercredi;3;NO;YES;S2;2025-10;2025-W40
02/10/2025;2025;10;October;Octobre;4;Q4 2025;2025 - Q4 - DPF - PI Planning;40;2;Thursday;Jeudi;4;NO;YES;S2;2025-10;2025-W40
03/10/2025;2025;10;October;Octobre;4;Q4 2025;2025 - Q4 - DPF - PI Planning;40;3;Friday;Vendredi;5;NO;YES;S2;2025-10;2025-W40
04/10/2025;2025;10;October;Octobre;4;Q4 2025;2025 - Q4 - DPF - PI Planning;40;4;Saturday;Samedi;6;YES;NO;S2;2025-10;2025-W40
05/10/2025;2025;10;October;Octobre;4;Q4 2025;2025 - Q4 - DPF - PI Planning;40;5;Sunday;Dimanche;7;YES;NO;S2;2025-10;2025-W40
06/10/2025;2025;10;October;Octobre;4;Q4 2025;2025 - Q4 - DPF - PI Planning;41;6;Monday;Lundi;1;NO;YES;S2;2025-10;2025-W41
07/10/2025;2025;10;October;Octobre;4;Q4 2025;2025 - Q4 - DPF - PI Planning;41;7;Tuesday;Mardi;2;NO;YES;S2;2025-10;2025-W41
08/10/2025;2025;10;October;Octobre;4;Q4 2025;2025 - Q4 - DPF - PI Planning;41;8;Wednesday;Mercredi;3;NO;YES;S2;2025-10;2025-W41
09/10/2025;2025;10;October;Octobre;4;Q4 2025;2025 - Q4 - DPF - PI Planning;41;9;Thursday;Jeudi;4;NO;YES;S2;2025-10;2025-W41
10/10/2025;2025;10;October;Octobre;4;Q4 2025;2025 - Q4 - DPF - PI Planning;41;10;Friday;Vendredi;5;NO;YES;S2;2025-10;2025-W41
11/10/2025;2025;10;October;Octobre;4;Q4 2025;2025 - Q4 - DPF - PI Planning;41;11;Saturday;Samedi;6;YES;NO;S2;2025-10;2025-W41
12/10/2025;2025;10;October;Octobre;4;Q4 2025;2025 - Q4 - DPF - PI Planning;41;12;Sunday;Dimanche;7;YES;NO;S2;2025-10;2025-W41
13/10/2025;2025;10;October;Octobre;4;Q4 2025;2025 - Q4 - DPF - PI Planning;42;13;Monday;Lundi;1;NO;YES;S2;2025-10;2025-W42
14/10/2025;2025;10;October;Octobre;4;Q4 2025;2025 - Q4 - DPF - PI Planning;42;14;Tuesday;Mardi;2;NO;YES;S2;2025-10;2025-W42
15/10/2025;2025;10;October;Octobre;4;Q4 2025;2025 - Q4 - DPF - PI Planning;42;15;Wednesday;Mercredi;3;NO;YES;S2;2025-10;2025-W42
16/10/2025;2025;10;October;Octobre;4;Q4 2025;2025 - Q4 - DPF - PI Planning;42;16;Thursday;Jeudi;4;NO;YES;S2;2025-10;2025-W42
17/10/2025;2025;10;October;Octobre;4;Q4 2025;2025 - Q4 - DPF - PI Planning;42;17;Friday;Vendredi;5;NO;YES;S2;2025-10;2025-W42
18/10/2025;2025;10;October;Octobre;4;Q4 2025;2025 - Q4 - DPF - PI Planning;42;18;Saturday;Samedi;6;YES;NO;S2;2025-10;2025-W42
19/10/2025;2025;10;October;Octobre;4;Q4 2025;2025 - Q4 - DPF - PI Planning;42;19;Sunday;Dimanche;7;YES;NO;S2;2025-10;2025-W42
20/10/2025;2025;10;October;Octobre;4;Q4 2025;2025 - Q4 - DPF - PI Planning;43;20;Monday;Lundi;1;NO;YES;S2;2025-10;2025-W43
21/10/2025;2025;10;October;Octobre;4;Q4 2025;2025 - Q4 - DPF - PI Planning;43;21;Tuesday;Mardi;2;NO;YES;S2;2025-10;2025-W43
22/10/2025;2025;10;October;Octobre;4;Q4 2025;2025 - Q4 - DPF - PI Planning;43;22;Wednesday;Mercredi;3;NO;YES;S2;2025-10;2025-W43
23/10/2025;2025;10;October;Octobre;4;Q4 2025;2025 - Q4 - DPF - PI Planning;43;23;Thursday;Jeudi;4;NO;YES;S2;2025-10;2025-W43
24/10/2025;2025;10;October;Octobre;4;Q4 2025;2025 - Q4 - DPF - PI Planning;43;24;Friday;Vendredi;5;NO;YES;S2;2025-10;2025-W43
25/10/2025;2025;10;October;Octobre;4;Q4 2025;2025 - Q4 - DPF - PI Planning;43;25;Saturday;Samedi;6;YES;NO;S2;2025-10;2025-W43
26/10/2025;2025;10;October;Octobre;4;Q4 2025;2025 - Q4 - DPF - PI Planning;43;26;Sunday;Dimanche;7;YES;NO;S2;2025-10;2025-W43
27/10/2025;2025;10;October;Octobre;4;Q4 2025;2025 - Q4 - DPF - PI Planning;44;27;Monday;Lundi;1;NO;YES;S2;2025-10;2025-W44
28/10/2025;2025;10;October;Octobre;4;Q4 2025;2025 - Q4 - DPF - PI Planning;44;28;Tuesday;Mardi;2;NO;YES;S2;2025-10;2025-W44
29/10/2025;2025;10;October;Octobre;4;Q4 2025;2025 - Q4 - DPF - PI Planning;44;29;Wednesday;Mercredi;3;NO;YES;S2;2025-10;2025-W44
30/10/2025;2025;10;October;Octobre;4;Q4 2025;2025 - Q4 - DPF - PI Planning;44;30;Thursday;Jeudi;4;NO;YES;S2;2025-10;2025-W44
31/10/2025;2025;10;October;Octobre;4;Q4 2025;2025 - Q4 - DPF - PI Planning;44;31;Friday;Vendredi;5;NO;YES;S2;2025-10;2025-W44
01/11/2025;2025;11;November;Novembre;4;Q4 2025;2025 - Q4 - DPF - PI Planning;44;1;Saturday;Samedi;6;YES;NO;S2;2025-11;2025-W44
02/11/2025;2025;11;November;Novembre;4;Q4 2025;2025 - Q4 - DPF - PI Planning;44;2;Sunday;Dimanche;7;YES;NO;S2;2025-11;2025-W44
03/11/2025;2025;11;November;Novembre;4;Q4 2025;2025 - Q4 - DPF - PI Planning;45;3;Monday;Lundi;1;NO;YES;S2;2025-11;2025-W45
04/11/2025;2025;11;November;Novembre;4;Q4 2025;2025 - Q4 - DPF - PI Planning;45;4;Tuesday;Mardi;2;NO;YES;S2;2025-11;2025-W45
05/11/2025;2025;11;November;Novembre;4;Q4 2025;2025 - Q4 - DPF - PI Planning;45;5;Wednesday;Mercredi;3;NO;YES;S2;2025-11;2025-W45
06/11/2025;2025;11;November;Novembre;4;Q4 2025;2025 - Q4 - DPF - PI Planning;45;6;Thursday;Jeudi;4;NO;YES;S2;2025-11;2025-W45
07/11/2025;2025;11;November;Novembre;4;Q4 2025;2025 - Q4 - DPF - PI Planning;45;7;Friday;Vendredi;5;NO;YES;S2;2025-11;2025-W45
08/11/2025;2025;11;November;Novembre;4;Q4 2025;2025 - Q4 - DPF - PI Planning;45;8;Saturday;Samedi;6;YES;NO;S2;2025-11;2025-W45
09/11/2025;2025;11;November;Novembre;4;Q4 2025;2025 - Q4 - DPF - PI Planning;45;9;Sunday;Dimanche;7;YES;NO;S2;2025-11;2025-W45
10/11/2025;2025;11;November;Novembre;4;Q4 2025;2025 - Q4 - DPF - PI Planning;46;10;Monday;Lundi;1;NO;YES;S2;2025-11;2025-W46
11/11/2025;2025;11;November;Novembre;4;Q4 2025;2025 - Q4 - DPF - PI Planning;46;11;Tuesday;Mardi;2;NO;YES;S2;2025-11;2025-W46
12/11/2025;2025;11;November;Novembre;4;Q4 2025;2025 - Q4 - DPF - PI Planning;46;12;Wednesday;Mercredi;3;NO;YES;S2;2025-11;2025-W46
13/11/2025;2025;11;November;Novembre;4;Q4 2025;2025 - Q4 - DPF - PI Planning;46;13;Thursday;Jeudi;4;NO;YES;S2;2025-11;2025-W46
14/11/2025;2025;11;November;Novembre;4;Q4 2025;2025 - Q4 - DPF - PI Planning;46;14;Friday;Vendredi;5;NO;YES;S2;2025-11;2025-W46
15/11/2025;2025;11;November;Novembre;4;Q4 2025;2025 - Q4 - DPF - PI Planning;46;15;Saturday;Samedi;6;YES;NO;S2;2025-11;2025-W46
16/11/2025;2025;11;November;Novembre;4;Q4 2025;2025 - Q4 - DPF - PI Planning;46;16;Sunday;Dimanche;7;YES;NO;S2;2025-11;2025-W46
17/11/2025;2025;11;November;Novembre;4;Q4 2025;2025 - Q4 - DPF - PI Planning;47;17;Monday;Lundi;1;NO;YES;S2;2025-11;2025-W47
18/11/2025;2025;11;November;Novembre;4;Q4 2025;2025 - Q4 - DPF - PI Planning;47;18;Tuesday;Mardi;2;NO;YES;S2;2025-11;2025-W47
19/11/2025;2025;11;November;Novembre;4;Q4 2025;2025 - Q4 - DPF - PI Planning;47;19;Wednesday;Mercredi;3;NO;YES;S2;2025-11;2025-W47
20/11/2025;2025;11;November;Novembre;4;Q4 2025;2025 - Q4 - DPF - PI Planning;47;20;Thursday;Jeudi;4;NO;YES;S2;2025-11;2025-W47
21/11/2025;2025;11;November;Novembre;4;Q4 2025;2025 - Q4 - DPF - PI Planning;47;21;Friday;Vendredi;5;NO;YES;S2;2025-11;2025-W47
22/11/2025;2025;11;November;Novembre;4;Q4 2025;2025 - Q4 - DPF - PI Planning;47;22;Saturday;Samedi;6;YES;NO;S2;2025-11;2025-W47
23/11/2025;2025;11;November;Novembre;4;Q4 2025;2025 - Q4 - DPF - PI Planning;47;23;Sunday;Dimanche;7;YES;NO;S2;2025-11;2025-W47
24/11/2025;2025;11;November;Novembre;4;Q4 2025;2025 - Q4 - DPF - PI Planning;48;24;Monday;Lundi;1;NO;YES;S2;2025-11;2025-W48
25/11/2025;2025;11;November;Novembre;4;Q4 2025;2025 - Q4 - DPF - PI Planning;48;25;Tuesday;Mardi;2;NO;YES;S2;2025-11;2025-W48
26/11/2025;2025;11;November;Novembre;4;Q4 2025;2025 - Q4 - DPF - PI Planning;48;26;Wednesday;Mercredi;3;NO;YES;S2;2025-11;2025-W48
27/11/2025;2025;11;November;Novembre;4;Q4 2025;2025 - Q4 - DPF - PI Planning;48;27;Thursday;Jeudi;4;NO;YES;S2;2025-11;2025-W48
28/11/2025;2025;11;November;Novembre;4;Q4 2025;2025 - Q4 - DPF - PI Planning;48;28;Friday;Vendredi;5;NO;YES;S2;2025-11;2025-W48
29/11/2025;2025;11;November;Novembre;4;Q4 2025;2025 - Q4 - DPF - PI Planning;48;29;Saturday;Samedi;6;YES;NO;S2;2025-11;2025-W48
30/11/2025;2025;11;November;Novembre;4;Q4 2025;2025 - Q4 - DPF - PI Planning;48;30;Sunday;Dimanche;7;YES;NO;S2;2025-11;2025-W48
01/12/2025;2025;12;December;Décembre;4;Q4 2025;2025 - Q4 - DPF - PI Planning;49;1;Monday;Lundi;1;NO;YES;S2;2025-12;2025-W49
02/12/2025;2025;12;December;Décembre;4;Q4 2025;2025 - Q4 - DPF - PI Planning;49;2;Tuesday;Mardi;2;NO;YES;S2;2025-12;2025-W49
03/12/2025;2025;12;December;Décembre;4;Q4 2025;2025 - Q4 - DPF - PI Planning;49;3;Wednesday;Mercredi;3;NO;YES;S2;2025-12;2025-W49
04/12/2025;2025;12;December;Décembre;4;Q4 2025;2025 - Q4 - DPF - PI Planning;49;4;Thursday;Jeudi;4;NO;YES;S2;2025-12;2025-W49
05/12/2025;2025;12;December;Décembre;4;Q4 2025;2025 - Q4 - DPF - PI Planning;49;5;Friday;Vendredi;5;NO;YES;S2;2025-12;2025-W49
06/12/2025;2025;12;December;Décembre;4;Q4 2025;2025 - Q4 - DPF - PI Planning;49;6;Saturday;Samedi;6;YES;NO;S2;2025-12;2025-W49
07/12/2025;2025;12;December;Décembre;4;Q4 2025;2025 - Q4 - DPF - PI Planning;49;7;Sunday;Dimanche;7;YES;NO;S2;2025-12;2025-W49
08/12/2025;2025;12;December;Décembre;4;Q4 2025;2025 - Q4 - DPF - PI Planning;50;8;Monday;Lundi;1;NO;YES;S2;2025-12;2025-W50
09/12/2025;2025;12;December;Décembre;4;Q4 2025;2025 - Q4 - DPF - PI Planning;50;9;Tuesday;Mardi;2;NO;YES;S2;2025-12;2025-W50
10/12/2025;2025;12;December;Décembre;4;Q4 2025;2025 - Q4 - DPF - PI Planning;50;10;Wednesday;Mercredi;3;NO;YES;S2;2025-12;2025-W50
11/12/2025;2025;12;December;Décembre;4;Q4 2025;2025 - Q4 - DPF - PI Planning;50;11;Thursday;Jeudi;4;NO;YES;S2;2025-12;2025-W50
12/12/2025;2025;12;December;Décembre;4;Q4 2025;2025 - Q4 - DPF - PI Planning;50;12;Friday;Vendredi;5;NO;YES;S2;2025-12;2025-W50
13/12/2025;2025;12;December;Décembre;4;Q4 2025;2025 - Q4 - DPF - PI Planning;50;13;Saturday;Samedi;6;YES;NO;S2;2025-12;2025-W50
14/12/2025;2025;12;December;Décembre;4;Q4 2025;2025 - Q4 - DPF - PI Planning;50;14;Sunday;Dimanche;7;YES;NO;S2;2025-12;2025-W50
15/12/2025;2025;12;December;Décembre;4;Q4 2025;2025 - Q4 - DPF - PI Planning;51;15;Monday;Lundi;1;NO;YES;S2;2025-12;2025-W51
16/12/2025;2025;12;December;Décembre;4;Q4 2025;2025 - Q4 - DPF - PI Planning;51;16;Tuesday;Mardi;2;NO;YES;S2;2025-12;2025-W51
17/12/2025;2025;12;December;Décembre;4;Q4 2025;2025 - Q4 - DPF - PI Planning;51;17;Wednesday;Mercredi;3;NO;YES;S2;2025-12;2025-W51
18/12/2025;2025;12;December;Décembre;4;Q4 2025;2025 - Q4 - DPF - PI Planning;51;18;Thursday;Jeudi;4;NO;YES;S2;2025-12;2025-W51
19/12/2025;2025;12;December;Décembre;4;Q4 2025;2025 - Q4 - DPF - PI Planning;51;19;Friday;Vendredi;5;NO;YES;S2;2025-12;2025-W51
20/12/2025;2025;12;December;Décembre;4;Q4 2025;2025 - Q4 - DPF - PI Planning;51;20;Saturday;Samedi;6;YES;NO;S2;2025-12;2025-W51
21/12/2025;2025;12;December;Décembre;4;Q4 2025;2025 - Q4 - DPF - PI Planning;51;21;Sunday;Dimanche;7;YES;NO;S2;2025-12;2025-W51
22/12/2025;2025;12;December;Décembre;4;Q4 2025;2025 - Q4 - DPF - PI Planning;52;22;Monday;Lundi;1;NO;YES;S2;2025-12;2025-W52
23/12/2025;2025;12;December;Décembre;4;Q4 2025;2025 - Q4 - DPF - PI Planning;52;23;Tuesday;Mardi;2;NO;YES;S2;2025-12;2025-W52
24/12/2025;2025;12;December;Décembre;4;Q4 2025;2025 - Q4 - DPF - PI Planning;52;24;Wednesday;Mercredi;3;NO;YES;S2;2025-12;2025-W52
25/12/2025;2025;12;December;Décembre;4;Q4 2025;2025 - Q4 - DPF - PI Planning;52;25;Thursday;Jeudi;4;NO;YES;S2;2025-12;2025-W52
26/12/2025;2025;12;December;Décembre;4;Q4 2025;2025 - Q4 - DPF - PI Planning;52;26;Friday;Vendredi;5;NO;YES;S2;2025-12;2025-W52
27/12/2025;2025;12;December;Décembre;4;Q4 2025;2025 - Q4 - DPF - PI Planning;52;27;Saturday;Samedi;6;YES;NO;S2;2025-12;2025-W52
28/12/2025;2025;12;December;Décembre;4;Q4 2025;2025 - Q4 - DPF - PI Planning;52;28;Sunday;Dimanche;7;YES;NO;S2;2025-12;2025-W52
29/12/2025;2025;12;December;Décembre;4;Q4 2025;2025 - Q4 - DPF - PI Planning;1;29;Monday;Lundi;1;NO;YES;S2;2025-12;2026-W01
30/12/2025;2025;12;December;Décembre;4;Q4 2025;2025 - Q4 - DPF - PI Planning;1;30;Tuesday;Mardi;2;NO;YES;S2;2025-12;2026-W01
31/12/2025;2025;12;December;Décembre;4;Q4 2025;2025 - Q4 - DPF - PI Planning;1;31;Wednesday;Mercredi;3;NO;YES;S2;2025-12;2026-W01
01/01/2026;2026;1;January;Janvier;1;Q1 2026;2026 - Q1 - DPF - PI Planning;1;1;Thursday;Jeudi;4;NO;YES;S1;2026-01;2026-W01
02/01/2026;2026;1;January;Janvier;1;Q1 2026;2026 - Q1 - DPF - PI Planning;1;2;Friday;Vendredi;5;NO;YES;S1;2026-01;2026-W01
03/01/2026;2026;1;January;Janvier;1;Q1 2026;2026 - Q1 - DPF - PI Planning;1;3;Saturday;Samedi;6;YES;NO;S1;2026-01;2026-W01
04/01/2026;2026;1;January;Janvier;1;Q1 2026;2026 - Q1 - DPF - PI Planning;1;4;Sunday;Dimanche;7;YES;NO;S1;2026-01;2026-W01
05/01/2026;2026;1;January;Janvier;1;Q1 2026;2026 - Q1 - DPF - PI Planning;2;5;Monday;Lundi;1;NO;YES;S1;2026-01;2026-W02
06/01/2026;2026;1;January;Janvier;1;Q1 2026;2026 - Q1 - DPF - PI Planning;2;6;Tuesday;Mardi;2;NO;YES;S1;2026-01;2026-W02
07/01/2026;2026;1;January;Janvier;1;Q1 2026;2026 - Q1 - DPF - PI Planning;2;7;Wednesday;Mercredi;3;NO;YES;S1;2026-01;2026-W02
08/01/2026;2026;1;January;Janvier;1;Q1 2026;2026 - Q1 - DPF - PI Planning;2;8;Thursday;Jeudi;4;NO;YES;S1;2026-01;2026-W02
09/01/2026;2026;1;January;Janvier;1;Q1 2026;2026 - Q1 - DPF - PI Planning;2;9;Friday;Vendredi;5;NO;YES;S1;2026-01;2026-W02
10/01/2026;2026;1;January;Janvier;1;Q1 2026;2026 - Q1 - DPF - PI Planning;2;10;Saturday;Samedi;6;YES;NO;S1;2026-01;2026-W02
11/01/2026;2026;1;January;Janvier;1;Q1 2026;2026 - Q1 - DPF - PI Planning;2;11;Sunday;Dimanche;7;YES;NO;S1;2026-01;2026-W02
12/01/2026;2026;1;January;Janvier;1;Q1 2026;2026 - Q1 - DPF - PI Planning;3;12;Monday;Lundi;1;NO;YES;S1;2026-01;2026-W03
13/01/2026;2026;1;January;Janvier;1;Q1 2026;2026 - Q1 - DPF - PI Planning;3;13;Tuesday;Mardi;2;NO;YES;S1;2026-01;2026-W03
14/01/2026;2026;1;January;Janvier;1;Q1 2026;2026 - Q1 - DPF - PI Planning;3;14;Wednesday;Mercredi;3;NO;YES;S1;2026-01;2026-W03
15/01/2026;2026;1;January;Janvier;1;Q1 2026;2026 - Q1 - DPF - PI Planning;3;15;Thursday;Jeudi;4;NO;YES;S1;2026-01;2026-W03
16/01/2026;2026;1;January;Janvier;1;Q1 2026;2026 - Q1 - DPF - PI Planning;3;16;Friday;Vendredi;5;NO;YES;S1;2026-01;2026-W03
17/01/2026;2026;1;January;Janvier;1;Q1 2026;2026 - Q1 - DPF - PI Planning;3;17;Saturday;Samedi;6;YES;NO;S1;2026-01;2026-W03
18/01/2026;2026;1;January;Janvier;1;Q1 2026;2026 - Q1 - DPF - PI Planning;3;18;Sunday;Dimanche;7;YES;NO;S1;2026-01;2026-W03
19/01/2026;2026;1;January;Janvier;1;Q1 2026;2026 - Q1 - DPF - PI Planning;4;19;Monday;Lundi;1;NO;YES;S1;2026-01;2026-W04
20/01/2026;2026;1;January;Janvier;1;Q1 2026;2026 - Q1 - DPF - PI Planning;4;20;Tuesday;Mardi;2;NO;YES;S1;2026-01;2026-W04
21/01/2026;2026;1;January;Janvier;1;Q1 2026;2026 - Q1 - DPF - PI Planning;4;21;Wednesday;Mercredi;3;NO;YES;S1;2026-01;2026-W04
22/01/2026;2026;1;January;Janvier;1;Q1 2026;2026 - Q1 - DPF - PI Planning;4;22;Thursday;Jeudi;4;NO;YES;S1;2026-01;2026-W04
23/01/2026;2026;1;January;Janvier;1;Q1 2026;2026 - Q1 - DPF - PI Planning;4;23;Friday;Vendredi;5;NO;YES;S1;2026-01;2026-W04
24/01/2026;2026;1;January;Janvier;1;Q1 2026;2026 - Q1 - DPF - PI Planning;4;24;Saturday;Samedi;6;YES;NO;S1;2026-01;2026-W04
25/01/2026;2026;1;January;Janvier;1;Q1 2026;2026 - Q1 - DPF - PI Planning;4;25;Sunday;Dimanche;7;YES;NO;S1;2026-01;2026-W04
26/01/2026;2026;1;January;Janvier;1;Q1 2026;2026 - Q1 - DPF - PI Planning;5;26;Monday;Lundi;1;NO;YES;S1;2026-01;2026-W05
27/01/2026;2026;1;January;Janvier;1;Q1 2026;2026 - Q1 - DPF - PI Planning;5;27;Tuesday;Mardi;2;NO;YES;S1;2026-01;2026-W05
28/01/2026;2026;1;January;Janvier;1;Q1 2026;2026 - Q1 - DPF - PI Planning;5;28;Wednesday;Mercredi;3;NO;YES;S1;2026-01;2026-W05
29/01/2026;2026;1;January;Janvier;1;Q1 2026;2026 - Q1 - DPF - PI Planning;5;29;Thursday;Jeudi;4;NO;YES;S1;2026-01;2026-W05
30/01/2026;2026;1;January;Janvier;1;Q1 2026;2026 - Q1 - DPF - PI Planning;5;30;Friday;Vendredi;5;NO;YES;S1;2026-01;2026-W05
31/01/2026;2026;1;January;Janvier;1;Q1 2026;2026 - Q1 - DPF - PI Planning;5;31;Saturday;Samedi;6;YES;NO;S1;2026-01;2026-W05
01/02/2026;2026;2;February;Février;1;Q1 2026;2026 - Q1 - DPF - PI Planning;5;1;Sunday;Dimanche;7;YES;NO;S1;2026-02;2026-W05
02/02/2026;2026;2;February;Février;1;Q1 2026;2026 - Q1 - DPF - PI Planning;6;2;Monday;Lundi;1;NO;YES;S1;2026-02;2026-W06
03/02/2026;2026;2;February;Février;1;Q1 2026;2026 - Q1 - DPF - PI Planning;6;3;Tuesday;Mardi;2;NO;YES;S1;2026-02;2026-W06
04/02/2026;2026;2;February;Février;1;Q1 2026;2026 - Q1 - DPF - PI Planning;6;4;Wednesday;Mercredi;3;NO;YES;S1;2026-02;2026-W06
05/02/2026;2026;2;February;Février;1;Q1 2026;2026 - Q1 - DPF - PI Planning;6;5;Thursday;Jeudi;4;NO;YES;S1;2026-02;2026-W06
06/02/2026;2026;2;February;Février;1;Q1 2026;2026 - Q1 - DPF - PI Planning;6;6;Friday;Vendredi;5;NO;YES;S1;2026-02;2026-W06
07/02/2026;2026;2;February;Février;1;Q1 2026;2026 - Q1 - DPF - PI Planning;6;7;Saturday;Samedi;6;YES;NO;S1;2026-02;2026-W06
08/02/2026;2026;2;February;Février;1;Q1 2026;2026 - Q1 - DPF - PI Planning;6;8;Sunday;Dimanche;7;YES;NO;S1;2026-02;2026-W06
09/02/2026;2026;2;February;Février;1;Q1 2026;2026 - Q1 - DPF - PI Planning;7;9;Monday;Lundi;1;NO;YES;S1;2026-02;2026-W07
10/02/2026;2026;2;February;Février;1;Q1 2026;2026 - Q1 - DPF - PI Planning;7;10;Tuesday;Mardi;2;NO;YES;S1;2026-02;2026-W07
11/02/2026;2026;2;February;Février;1;Q1 2026;2026 - Q1 - DPF - PI Planning;7;11;Wednesday;Mercredi;3;NO;YES;S1;2026-02;2026-W07
12/02/2026;2026;2;February;Février;1;Q1 2026;2026 - Q1 - DPF - PI Planning;7;12;Thursday;Jeudi;4;NO;YES;S1;2026-02;2026-W07
13/02/2026;2026;2;February;Février;1;Q1 2026;2026 - Q1 - DPF - PI Planning;7;13;Friday;Vendredi;5;NO;YES;S1;2026-02;2026-W07
14/02/2026;2026;2;February;Février;1;Q1 2026;2026 - Q1 - DPF - PI Planning;7;14;Saturday;Samedi;6;YES;NO;S1;2026-02;2026-W07
15/02/2026;2026;2;February;Février;1;Q1 2026;2026 - Q1 - DPF - PI Planning;7;15;Sunday;Dimanche;7;YES;NO;S1;2026-02;2026-W07
16/02/2026;2026;2;February;Février;1;Q1 2026;2026 - Q1 - DPF - PI Planning;8;16;Monday;Lundi;1;NO;YES;S1;2026-02;2026-W08
17/02/2026;2026;2;February;Février;1;Q1 2026;2026 - Q1 - DPF - PI Planning;8;17;Tuesday;Mardi;2;NO;YES;S1;2026-02;2026-W08
18/02/2026;2026;2;February;Février;1;Q1 2026;2026 - Q1 - DPF - PI Planning;8;18;Wednesday;Mercredi;3;NO;YES;S1;2026-02;2026-W08
19/02/2026;2026;2;February;Février;1;Q1 2026;2026 - Q1 - DPF - PI Planning;8;19;Thursday;Jeudi;4;NO;YES;S1;2026-02;2026-W08
20/02/2026;2026;2;February;Février;1;Q1 2026;2026 - Q1 - DPF - PI Planning;8;20;Friday;Vendredi;5;NO;YES;S1;2026-02;2026-W08
21/02/2026;2026;2;February;Février;1;Q1 2026;2026 - Q1 - DPF - PI Planning;8;21;Saturday;Samedi;6;YES;NO;S1;2026-02;2026-W08
22/02/2026;2026;2;February;Février;1;Q1 2026;2026 - Q1 - DPF - PI Planning;8;22;Sunday;Dimanche;7;YES;NO;S1;2026-02;2026-W08
23/02/2026;2026;2;February;Février;1;Q1 2026;2026 - Q1 - DPF - PI Planning;9;23;Monday;Lundi;1;NO;YES;S1;2026-02;2026-W09
24/02/2026;2026;2;February;Février;1;Q1 2026;2026 - Q1 - DPF - PI Planning;9;24;Tuesday;Mardi;2;NO;YES;S1;2026-02;2026-W09
25/02/2026;2026;2;February;Février;1;Q1 2026;2026 - Q1 - DPF - PI Planning;9;25;Wednesday;Mercredi;3;NO;YES;S1;2026-02;2026-W09
26/02/2026;2026;2;February;Février;1;Q1 2026;2026 - Q1 - DPF - PI Planning;9;26;Thursday;Jeudi;4;NO;YES;S1;2026-02;2026-W09
27/02/2026;2026;2;February;Février;1;Q1 2026;2026 - Q1 - DPF - PI Planning;9;27;Friday;Vendredi;5;NO;YES;S1;2026-02;2026-W09
28/02/2026;2026;2;February;Février;1;Q1 2026;2026 - Q1 - DPF - PI Planning;9;28;Saturday;Samedi;6;YES;NO;S1;2026-02;2026-W09
01/03/2026;2026;3;March;Mars;1;Q1 2026;2026 - Q1 - DPF - PI Planning;9;1;Sunday;Dimanche;7;YES;NO;S1;2026-03;2026-W09
02/03/2026;2026;3;March;Mars;1;Q1 2026;2026 - Q1 - DPF - PI Planning;10;2;Monday;Lundi;1;NO;YES;S1;2026-03;2026-W10
03/03/2026;2026;3;March;Mars;1;Q1 2026;2026 - Q1 - DPF - PI Planning;10;3;Tuesday;Mardi;2;NO;YES;S1;2026-03;2026-W10
04/03/2026;2026;3;March;Mars;1;Q1 2026;2026 - Q1 - DPF - PI Planning;10;4;Wednesday;Mercredi;3;NO;YES;S1;2026-03;2026-W10
05/03/2026;2026;3;March;Mars;1;Q1 2026;2026 - Q1 - DPF - PI Planning;10;5;Thursday;Jeudi;4;NO;YES;S1;2026-03;2026-W10
06/03/2026;2026;3;March;Mars;1;Q1 2026;2026 - Q1 - DPF - PI Planning;10;6;Friday;Vendredi;5;NO;YES;S1;2026-03;2026-W10
07/03/2026;2026;3;March;Mars;1;Q1 2026;2026 - Q1 - DPF - PI Planning;10;7;Saturday;Samedi;6;YES;NO;S1;2026-03;2026-W10
08/03/2026;2026;3;March;Mars;1;Q1 2026;2026 - Q1 - DPF - PI Planning;10;8;Sunday;Dimanche;7;YES;NO;S1;2026-03;2026-W10
09/03/2026;2026;3;March;Mars;1;Q1 2026;2026 - Q1 - DPF - PI Planning;11;9;Monday;Lundi;1;NO;YES;S1;2026-03;2026-W11
10/03/2026;2026;3;March;Mars;1;Q1 2026;2026 - Q1 - DPF - PI Planning;11;10;Tuesday;Mardi;2;NO;YES;S1;2026-03;2026-W11
11/03/2026;2026;3;March;Mars;1;Q1 2026;2026 - Q1 - DPF - PI Planning;11;11;Wednesday;Mercredi;3;NO;YES;S1;2026-03;2026-W11
12/03/2026;2026;3;March;Mars;1;Q1 2026;2026 - Q1 - DPF - PI Planning;11;12;Thursday;Jeudi;4;NO;YES;S1;2026-03;2026-W11
13/03/2026;2026;3;March;Mars;1;Q1 2026;2026 - Q1 - DPF - PI Planning;11;13;Friday;Vendredi;5;NO;YES;S1;2026-03;2026-W11
14/03/2026;2026;3;March;Mars;1;Q1 2026;2026 - Q1 - DPF - PI Planning;11;14;Saturday;Samedi;6;YES;NO;S1;2026-03;2026-W11
15/03/2026;2026;3;March;Mars;1;Q1 2026;2026 - Q1 - DPF - PI Planning;11;15;Sunday;Dimanche;7;YES;NO;S1;2026-03;2026-W11
16/03/2026;2026;3;March;Mars;1;Q1 2026;2026 - Q1 - DPF - PI Planning;12;16;Monday;Lundi;1;NO;YES;S1;2026-03;2026-W12
17/03/2026;2026;3;March;Mars;1;Q1 2026;2026 - Q1 - DPF - PI Planning;12;17;Tuesday;Mardi;2;NO;YES;S1;2026-03;2026-W12
18/03/2026;2026;3;March;Mars;1;Q1 2026;2026 - Q1 - DPF - PI Planning;12;18;Wednesday;Mercredi;3;NO;YES;S1;2026-03;2026-W12
19/03/2026;2026;3;March;Mars;1;Q1 2026;2026 - Q1 - DPF - PI Planning;12;19;Thursday;Jeudi;4;NO;YES;S1;2026-03;2026-W12
20/03/2026;2026;3;March;Mars;1;Q1 2026;2026 - Q1 - DPF - PI Planning;12;20;Friday;Vendredi;5;NO;YES;S1;2026-03;2026-W12
21/03/2026;2026;3;March;Mars;1;Q1 2026;2026 - Q1 - DPF - PI Planning;12;21;Saturday;Samedi;6;YES;NO;S1;2026-03;2026-W12
22/03/2026;2026;3;March;Mars;1;Q1 2026;2026 - Q1 - DPF - PI Planning;12;22;Sunday;Dimanche;7;YES;NO;S1;2026-03;2026-W12
23/03/2026;2026;3;March;Mars;1;Q1 2026;2026 - Q1 - DPF - PI Planning;13;23;Monday;Lundi;1;NO;YES;S1;2026-03;2026-W13
24/03/2026;2026;3;March;Mars;1;Q1 2026;2026 - Q1 - DPF - PI Planning;13;24;Tuesday;Mardi;2;NO;YES;S1;2026-03;2026-W13
25/03/2026;2026;3;March;Mars;1;Q1 2026;2026 - Q1 - DPF - PI Planning;13;25;Wednesday;Mercredi;3;NO;YES;S1;2026-03;2026-W13
26/03/2026;2026;3;March;Mars;1;Q1 2026;2026 - Q1 - DPF - PI Planning;13;26;Thursday;Jeudi;4;NO;YES;S1;2026-03;2026-W13
27/03/2026;2026;3;March;Mars;1;Q1 2026;2026 - Q1 - DPF - PI Planning;13;27;Friday;Vendredi;5;NO;YES;S1;2026-03;2026-W13
28/03/2026;2026;3;March;Mars;1;Q1 2026;2026 - Q1 - DPF - PI Planning;13;28;Saturday;Samedi;6;YES;NO;S1;2026-03;2026-W13
29/03/2026;2026;3;March;Mars;1;Q1 2026;2026 - Q1 - DPF - PI Planning;13;29;Sunday;Dimanche;7;YES;NO;S1;2026-03;2026-W13
30/03/2026;2026;3;March;Mars;1;Q1 2026;2026 - Q1 - DPF - PI Planning;14;30;Monday;Lundi;1;NO;YES;S1;2026-03;2026-W14
31/03/2026;2026;3;March;Mars;1;Q1 2026;2026 - Q1 - DPF - PI Planning;14;31;Tuesday;Mardi;2;NO;YES;S1;2026-03;2026-W14
01/04/2026;2026;4;April;Avril;2;Q2 2026;2026 - Q2 - DPF - PI Planning;14;1;Wednesday;Mercredi;3;NO;YES;S1;2026-04;2026-W14
02/04/2026;2026;4;April;Avril;2;Q2 2026;2026 - Q2 - DPF - PI Planning;14;2;Thursday;Jeudi;4;NO;YES;S1;2026-04;2026-W14
03/04/2026;2026;4;April;Avril;2;Q2 2026;2026 - Q2 - DPF - PI Planning;14;3;Friday;Vendredi;5;NO;YES;S1;2026-04;2026-W14
04/04/2026;2026;4;April;Avril;2;Q2 2026;2026 - Q2 - DPF - PI Planning;14;4;Saturday;Samedi;6;YES;NO;S1;2026-04;2026-W14
05/04/2026;2026;4;April;Avril;2;Q2 2026;2026 - Q2 - DPF - PI Planning;14;5;Sunday;Dimanche;7;YES;NO;S1;2026-04;2026-W14
06/04/2026;2026;4;April;Avril;2;Q2 2026;2026 - Q2 - DPF - PI Planning;15;6;Monday;Lundi;1;NO;YES;S1;2026-04;2026-W15
07/04/2026;2026;4;April;Avril;2;Q2 2026;2026 - Q2 - DPF - PI Planning;15;7;Tuesday;Mardi;2;NO;YES;S1;2026-04;2026-W15
08/04/2026;2026;4;April;Avril;2;Q2 2026;2026 - Q2 - DPF - PI Planning;15;8;Wednesday;Mercredi;3;NO;YES;S1;2026-04;2026-W15
09/04/2026;2026;4;April;Avril;2;Q2 2026;2026 - Q2 - DPF - PI Planning;15;9;Thursday;Jeudi;4;NO;YES;S1;2026-04;2026-W15
10/04/2026;2026;4;April;Avril;2;Q2 2026;2026 - Q2 - DPF - PI Planning;15;10;Friday;Vendredi;5;NO;YES;S1;2026-04;2026-W15
11/04/2026;2026;4;April;Avril;2;Q2 2026;2026 - Q2 - DPF - PI Planning;15;11;Saturday;Samedi;6;YES;NO;S1;2026-04;2026-W15
12/04/2026;2026;4;April;Avril;2;Q2 2026;2026 - Q2 - DPF - PI Planning;15;12;Sunday;Dimanche;7;YES;NO;S1;2026-04;2026-W15
13/04/2026;2026;4;April;Avril;2;Q2 2026;2026 - Q2 - DPF - PI Planning;16;13;Monday;Lundi;1;NO;YES;S1;2026-04;2026-W16
14/04/2026;2026;4;April;Avril;2;Q2 2026;2026 - Q2 - DPF - PI Planning;16;14;Tuesday;Mardi;2;NO;YES;S1;2026-04;2026-W16
15/04/2026;2026;4;April;Avril;2;Q2 2026;2026 - Q2 - DPF - PI Planning;16;15;Wednesday;Mercredi;3;NO;YES;S1;2026-04;2026-W16
